observation_date,IR3TIB01AUM156N
1968-01-01,5.100000000
1968-02-01,5.150000000
1968-03-01,5.150000000
1968-04-01,5.150000000
1968-05-01,5.300000000
1968-06-01,5.500000000
1968-07-01,5.100000000
1968-08-01,5.100000000
1968-09-01,5.050000000
1968-10-01,5.000000000
1968-11-01,4.900000000
1968-12-01,4.900000000
1969-01-01,5.100000000
1969-02-01,5.100000000
1969-03-01,5.150000000
1969-04-01,5.400000000
1969-05-01,5.500000000
1969-06-01,5.900000000
1969-07-01,5.800000000
1969-08-01,6.100000000
1969-09-01,5.800000000
1969-10-01,5.600000000
1969-11-01,0.000000000
1969-12-01,5.650000000
1970-01-01,5.800000000
1970-02-01,6.300000000
1970-03-01,7.150000000
1970-04-01,8.600000000
1970-05-01,9.100000000
1970-06-01,8.700000000
1970-07-01,7.400000000
1970-08-01,6.800000000
1970-09-01,6.350000000
1970-10-01,6.400000000
1970-11-01,6.200000000
1970-12-01,6.500000000
1971-01-01,6.600000000
1971-02-01,7.600000000
1971-03-01,8.000000000
1971-04-01,7.800000000
1971-05-01,7.800000000
1971-06-01,8.150000000
1971-07-01,6.800000000
1971-08-01,6.700000000
1971-09-01,6.450000000
1971-10-01,6.300000000
1971-11-01,6.000000000
1971-12-01,5.900000000
1972-01-01,5.600000000
1972-02-01,5.500000000
1972-03-01,5.500000000
1972-04-01,5.500000000
1972-05-01,5.600000000
1972-06-01,5.750000000
1972-07-01,4.600000000
1972-08-01,4.600000000
1972-09-01,4.500000000
1972-10-01,4.300000000
1972-11-01,5.100000000
1972-12-01,4.450000000
1973-01-01,4.700000000
1973-02-01,4.800000000
1973-03-01,5.450000000
1973-04-01,5.800000000
1973-05-01,6.400000000
1973-06-01,6.400000000
1973-07-01,6.500000000
1973-08-01,6.400000000
1973-09-01,9.250000000
1973-10-01,9.650000000
1973-11-01,9.200000000
1973-12-01,9.250000000
1974-01-01,9.250000000
1974-02-01,9.500000000
1974-03-01,10.100000000
1974-04-01,16.250000000
1974-05-01,21.750000000
1974-06-01,18.800000000
1974-07-01,15.000000000
1974-08-01,14.200000000
1974-09-01,12.600000000
1974-10-01,10.400000000
1974-11-01,10.300000000
1974-12-01,9.750000000
1975-01-01,8.950000000
1975-02-01,9.000000000
1975-03-01,8.750000000
1975-04-01,9.800000000
1975-05-01,8.900000000
1975-06-01,8.800000000
1975-07-01,8.150000000
1975-08-01,8.150000000
1975-09-01,8.100000000
1975-10-01,7.950000000
1975-11-01,8.050000000
1975-12-01,7.700000000
1976-01-01,7.650000000
1976-02-01,8.350000000
1976-03-01,8.400000000
1976-04-01,9.610000000
1976-05-01,10.240000000
1976-06-01,10.270000000
1976-07-01,9.670000000
1976-08-01,9.360000000
1976-09-01,9.310000000
1976-10-01,9.060000000
1976-11-01,9.520000000
1976-12-01,9.440000000
1977-01-01,8.930000000
1977-02-01,9.310000000
1977-03-01,9.730000000
1977-04-01,10.860000000
1977-05-01,10.940000000
1977-06-01,10.950000000
1977-07-01,10.720000000
1977-08-01,10.900000000
1977-09-01,10.430000000
1977-10-01,10.020000000
1977-11-01,10.010000000
1977-12-01,9.750000000
1978-01-01,9.490000000
1978-02-01,9.550000000
1978-03-01,10.040000000
1978-04-01,10.860000000
1978-05-01,10.600000000
1978-06-01,10.630000000
1978-07-01,9.840000000
1978-08-01,9.700000000
1978-09-01,9.720000000
1978-10-01,9.740000000
1978-11-01,9.190000000
1978-12-01,8.760000000
1979-01-01,8.510000000
1979-02-01,8.600000000
1979-03-01,9.160000000
1979-04-01,10.420000000
1979-05-01,10.540000000
1979-06-01,10.260000000
1979-07-01,9.860000000
1979-08-01,9.780000000
1979-09-01,9.870000000
1979-10-01,10.040000000
1979-11-01,10.120000000
1979-12-01,10.120000000
1980-01-01,10.030000000
1980-02-01,10.060000000
1980-03-01,11.470000000
1980-04-01,13.280000000
1980-05-01,13.830000000
1980-06-01,13.830000000
1980-07-01,12.870000000
1980-08-01,12.330000000
1980-09-01,11.690000000
1980-10-01,11.220000000
1980-11-01,11.270000000
1980-12-01,12.450000000
1981-01-01,12.610000000
1981-02-01,13.360000000
1981-03-01,14.630000000
1981-04-01,16.690000000
1981-05-01,16.280000000
1981-06-01,15.580000000
1981-07-01,15.390000000
1981-08-01,15.720000000
1981-09-01,15.350000000
1981-10-01,14.690000000
1981-11-01,14.620000000
1981-12-01,15.540000000
1982-01-01,16.210000000
1982-02-01,17.120000000
1982-03-01,18.890000000
1982-04-01,21.390000000
1982-05-01,18.450000000
1982-06-01,18.570000000
1982-07-01,17.290000000
1982-08-01,17.170000000
1982-09-01,15.460000000
1982-10-01,14.570000000
1982-11-01,14.760000000
1982-12-01,12.130000000
1983-01-01,10.650000000
1983-02-01,13.770000000
1983-03-01,15.260000000
1983-04-01,13.920000000
1983-05-01,12.150000000
1983-06-01,14.240000000
1983-07-01,12.800000000
1983-08-01,12.160000000
1983-09-01,11.060000000
1983-10-01,10.940000000
1983-11-01,10.550000000
1983-12-01,8.890000000
1984-01-01,9.760000000
1984-02-01,12.040000000
1984-03-01,13.770000000
1984-04-01,13.880000000
1984-05-01,13.780000000
1984-06-01,12.810000000
1984-07-01,12.300000000
1984-08-01,11.560000000
1984-09-01,10.530000000
1984-10-01,11.170000000
1984-11-01,11.260000000
1984-12-01,12.340000000
1985-01-01,13.350000000
1985-02-01,13.810000000
1985-03-01,15.290000000
1985-04-01,15.790000000
1985-05-01,15.530000000
1985-06-01,15.750000000
1985-07-01,15.140000000
1985-08-01,16.250000000
1985-09-01,16.780000000
1985-10-01,16.360000000
1985-11-01,18.180000000
1985-12-01,19.560000000
1986-01-01,18.970000000
1986-02-01,18.290000000
1986-03-01,16.440000000
1986-04-01,15.760000000
1986-05-01,14.730000000
1986-06-01,14.680000000
1986-07-01,14.850000000
1986-08-01,17.370000000
1986-09-01,18.080000000
1986-10-01,16.820000000
1986-11-01,15.900000000
1986-12-01,15.530000000
1987-01-01,15.860000000
1987-02-01,16.700000000
1987-03-01,16.410000000
1987-04-01,15.080000000
1987-05-01,14.140000000
1987-06-01,13.680000000
1987-07-01,12.990000000
1987-08-01,12.540000000
1987-09-01,11.700000000
1987-10-01,11.990000000
1987-11-01,12.450000000
1987-12-01,11.460000000
1988-01-01,11.050000000
1988-02-01,10.950000000
1988-03-01,10.950000000
1988-04-01,11.390000000
1988-05-01,12.280000000
1988-06-01,13.100000000
1988-07-01,13.080000000
1988-08-01,13.320000000
1988-09-01,13.640000000
1988-10-01,14.000000000
1988-11-01,14.730000000
1988-12-01,15.110000000
1989-01-01,15.560000000
1989-02-01,16.540000000
1989-03-01,17.250000000
1989-04-01,17.460000000
1989-05-01,17.520000000
1989-06-01,18.370000000
1989-07-01,18.060000000
1989-08-01,17.960000000
1989-09-01,18.120000000
1989-10-01,18.360000000
1989-11-01,18.250000000
1989-12-01,17.890000000
1990-01-01,17.330000000
1990-02-01,16.200000000
1990-03-01,15.840000000
1990-04-01,15.140000000
1990-05-01,15.050000000
1990-06-01,15.020000000
1990-07-01,14.830000000
1990-08-01,13.920000000
1990-09-01,13.520000000
1990-10-01,13.070000000
1990-11-01,12.410000000
1990-12-01,12.190000000
1991-01-01,11.930000000
1991-02-01,11.620000000
1991-03-01,11.490000000
1991-04-01,11.360000000
1991-05-01,10.720000000
1991-06-01,10.390000000
1991-07-01,10.340000000
1991-08-01,10.130000000
1991-09-01,9.580000000
1991-10-01,8.970000000
1991-11-01,8.340000000
1991-12-01,7.840000000
1992-01-01,7.450000000
1992-02-01,7.520000000
1992-03-01,7.510000000
1992-04-01,7.180000000
1992-05-01,6.560000000
1992-06-01,6.420000000
1992-07-01,5.640000000
1992-08-01,5.730000000
1992-09-01,5.940000000
1992-10-01,5.860000000
1992-11-01,5.880000000
1992-12-01,5.900000000
1993-01-01,5.880000000
1993-02-01,5.820000000
1993-03-01,5.380000000
1993-04-01,5.270000000
1993-05-01,5.150000000
1993-06-01,5.220000000
1993-07-01,5.050000000
1993-08-01,4.780000000
1993-09-01,4.860000000
1993-10-01,4.810000000
1993-11-01,4.780000000
1993-12-01,4.820000000
1994-01-01,4.810000000
1994-02-01,4.800000000
1994-03-01,4.880000000
1994-04-01,4.920000000
1994-05-01,4.850000000
1994-06-01,5.120000000
1994-07-01,5.410000000
1994-08-01,5.600000000
1994-09-01,5.930000000
1994-10-01,6.450000000
1994-11-01,7.160000000
1994-12-01,7.950000000
1995-01-01,8.370000000
1995-02-01,8.080000000
1995-03-01,8.130000000
1995-04-01,7.890000000
1995-05-01,7.700000000
1995-06-01,7.550000000
1995-07-01,7.560000000
1995-08-01,7.580000000
1995-09-01,7.490000000
1995-10-01,7.470000000
1995-11-01,7.460000000
1995-12-01,7.430000000
1996-01-01,7.460000000
1996-02-01,7.470000000
1996-03-01,7.530000000
1996-04-01,7.570000000
1996-05-01,7.550000000
1996-06-01,7.570000000
1996-07-01,7.560000000
1996-08-01,6.920000000
1996-09-01,6.910000000
1996-10-01,6.700000000
1996-11-01,6.450000000
1996-12-01,6.130000000
1997-01-01,5.820000000
1997-02-01,5.910000000
1997-03-01,6.050000000
1997-04-01,6.040000000
1997-05-01,5.870000000
1997-06-01,5.350000000
1997-07-01,5.190000000
1997-08-01,4.900000000
1997-09-01,4.770000000
1997-10-01,4.830000000
1997-11-01,4.950000000
1997-12-01,5.070000000
1998-01-01,4.990000000
1998-02-01,4.970000000
1998-03-01,4.960000000
1998-04-01,4.920000000
1998-05-01,4.960000000
1998-06-01,5.320000000
1998-07-01,5.170000000
1998-08-01,5.190000000
1998-09-01,5.030000000
1998-10-01,4.830000000
1998-11-01,4.880000000
1998-12-01,4.800000000
1999-01-01,4.790000000
1999-02-01,4.770000000
1999-03-01,4.810000000
1999-04-01,4.760000000
1999-05-01,4.860000000
1999-06-01,4.930000000
1999-07-01,4.890000000
1999-08-01,4.920000000
1999-09-01,5.010000000
1999-10-01,5.310000000
1999-11-01,5.440000000
1999-12-01,5.650000000
2000-01-01,5.660000000
2000-02-01,5.800000000
2000-03-01,5.890000000
2000-04-01,6.040000000
2000-05-01,6.310000000
2000-06-01,6.230000000
2000-07-01,6.200000000
2000-08-01,6.490000000
2000-09-01,6.570000000
2000-10-01,6.410000000
2000-11-01,6.330000000
2000-12-01,6.200000000
2001-01-01,5.910000000
2001-02-01,5.590000000
2001-03-01,5.140000000
2001-04-01,4.860000000
2001-05-01,4.890000000
2001-06-01,4.970000000
2001-07-01,5.040000000
2001-08-01,4.950000000
2001-09-01,4.550000000
2001-10-01,4.360000000
2001-11-01,4.280000000
2001-12-01,4.250000000
2002-01-01,4.260000000
2002-02-01,4.310000000
2002-03-01,4.460000000
2002-04-01,4.590000000
2002-05-01,4.840000000
2002-06-01,5.070000000
2002-07-01,4.980000000
2002-08-01,4.960000000
2002-09-01,4.920000000
2002-10-01,4.900000000
2002-11-01,4.840000000
2002-12-01,4.830000000
2003-01-01,4.800000000
2003-02-01,4.750000000
2003-03-01,4.760000000
2003-04-01,4.790000000
2003-05-01,4.780000000
2003-06-01,4.670000000
2003-07-01,4.720000000
2003-08-01,4.820000000
2003-09-01,4.910000000
2003-10-01,4.970000000
2003-11-01,5.310000000
2003-12-01,5.470000000
2004-01-01,5.550000000
2004-02-01,5.570000000
2004-03-01,5.510000000
2004-04-01,5.540000000
2004-05-01,5.510000000
2004-06-01,5.490000000
2004-07-01,5.460000000
2004-08-01,5.440000000
2004-09-01,5.420000000
2004-10-01,5.410000000
2004-11-01,5.430000000
2004-12-01,5.410000000
2005-01-01,5.420000000
2005-02-01,5.630000000
2005-03-01,5.810000000
2005-04-01,5.750000000
2005-05-01,5.680000000
2005-06-01,5.660000000
2005-07-01,5.650000000
2005-08-01,5.620000000
2005-09-01,5.620000000
2005-10-01,5.630000000
2005-11-01,5.630000000
2005-12-01,5.630000000
2006-01-01,5.630000000
2006-02-01,5.610000000
2006-03-01,5.610000000
2006-04-01,5.690000000
2006-05-01,5.870000000
2006-06-01,5.960000000
2006-07-01,6.050000000
2006-08-01,6.190000000
2006-09-01,6.210000000
2006-10-01,6.280000000
2006-11-01,6.370000000
2006-12-01,6.390000000
2007-01-01,6.430000000
2007-02-01,6.370000000
2007-03-01,6.430000000
2007-04-01,6.480000000
2007-05-01,6.370000000
2007-06-01,6.420000000
2007-07-01,6.470000000
2007-08-01,6.750000000
2007-09-01,6.940000000
2007-10-01,6.910000000
2007-11-01,7.150000000
2007-12-01,7.290000000
2008-01-01,7.180000000
2008-02-01,7.690000000
2008-03-01,7.900000000
2008-04-01,7.840000000
2008-05-01,7.750000000
2008-06-01,7.810000000
2008-07-01,7.750000000
2008-08-01,7.310000000
2008-09-01,7.270000000
2008-10-01,6.030000000
2008-11-01,4.760000000
2008-12-01,4.390000000
2009-01-01,3.740000000
2009-02-01,3.160000000
2009-03-01,3.160000000
2009-04-01,3.100000000
2009-05-01,3.130000000
2009-06-01,3.250000000
2009-07-01,3.140000000
2009-08-01,3.300000000
2009-09-01,3.370000000
2009-10-01,3.780000000
2009-11-01,3.950000000
2009-12-01,4.129047619
2010-01-01,4.202500000
2010-02-01,4.160000000
2010-03-01,4.327500000
2010-04-01,4.545000000
2010-05-01,4.805000000
2010-06-01,4.887500000
2010-07-01,4.840000000
2010-08-01,4.742500000
2010-09-01,4.815000000
2010-10-01,4.810000000
2010-11-01,5.015000000
2010-12-01,5.025000000
2011-01-01,4.955000000
2011-02-01,4.917500000
2011-03-01,4.920000000
2011-04-01,4.900000000
2011-05-01,5.002500000
2011-06-01,4.992500000
2011-07-01,4.955000000
2011-08-01,4.857500000
2011-09-01,4.810000000
2011-10-01,4.725000000
2011-11-01,4.622500000
2011-12-01,4.507500000
2012-01-01,4.410000000
2012-02-01,4.370000000
2012-03-01,4.442500000
2012-04-01,4.202500000
2012-05-01,3.655000000
2012-06-01,3.492500000
2012-07-01,3.545000000
2012-08-01,3.617500000
2012-09-01,3.490000000
2012-10-01,3.162500000
2012-11-01,3.242500000
2012-12-01,3.112500000
2013-01-01,3.000000000
2013-02-01,2.940000000
2013-03-01,3.050000000
2013-04-01,3.020000000
2013-05-01,2.820000000
2013-06-01,2.800000000
2013-07-01,2.760000000
2013-08-01,2.600000000
2013-09-01,2.580000000
2013-10-01,2.580000000
2013-11-01,2.580000000
2013-12-01,2.600000000
2014-01-01,2.620000000
2014-02-01,2.630000000
2014-03-01,2.650000000
2014-04-01,2.680000000
2014-05-01,2.690000000
2014-06-01,2.700000000
2014-07-01,2.650000000
2014-08-01,2.630000000
2014-09-01,2.660000000
2014-10-01,2.720000000
2014-11-01,2.750000000
2014-12-01,2.750000000
2015-01-01,2.700000000
2015-02-01,2.360000000
2015-03-01,2.300000000
2015-04-01,2.250000000
2015-05-01,2.150000000
2015-06-01,2.150000000
2015-07-01,2.140000000
2015-08-01,2.140000000
2015-09-01,2.170000000
2015-10-01,2.150000000
2015-11-01,2.220000000
2015-12-01,2.340000000
2016-01-01,2.300000000
2016-02-01,2.280000000
2016-03-01,2.310000000
2016-04-01,2.260000000
2016-05-01,2.000000000
2016-06-01,1.990000000
2016-07-01,1.930000000
2016-08-01,1.760000000
2016-09-01,1.730000000
2016-10-01,1.740000000
2016-11-01,1.760000000
2016-12-01,1.780000000
2017-01-01,1.780000000
2017-02-01,1.780000000
2017-03-01,1.790000000
2017-04-01,1.770000000
2017-05-01,1.730000000
2017-06-01,1.720000000
2017-07-01,1.700000000
2017-08-01,1.700000000
2017-09-01,1.720000000
2017-10-01,1.700000000
2017-11-01,1.720000000
2017-12-01,1.770000000
2018-01-01,1.790000000
2018-02-01,1.770000000
2018-03-01,1.930000000
2018-04-01,2.060000000
2018-05-01,1.960000000
2018-06-01,2.070000000
2018-07-01,2.020000000
2018-08-01,1.960000000
2018-09-01,1.930000000
2018-10-01,1.930000000
2018-11-01,1.940000000
2018-12-01,2.020000000
2019-01-01,2.070000000
2019-02-01,1.960000000
2019-03-01,1.830000000
2019-04-01,1.680000000
2019-05-01,1.540000000
2019-06-01,1.290000000
2019-07-01,1.110000000
2019-08-01,0.980000000
2019-09-01,0.980000000
2019-10-01,0.880000000
2019-11-01,0.910000000
2019-12-01,0.900000000
2020-01-01,0.890000000
2020-02-01,0.890000000
2020-03-01,0.530000000
2020-04-01,0.170000000
2020-05-01,0.100000000
2020-06-01,0.100000000
2020-07-01,0.100000000
2020-08-01,0.100000000
2020-09-01,0.090000000
2020-10-01,0.070000000
2020-11-01,0.020000000
2020-12-01,0.020000000
2021-01-01,0.010000000
2021-02-01,0.010000000
2021-03-01,0.030000000
2021-04-01,0.040000000
2021-05-01,0.040000000
2021-06-01,0.030000000
2021-07-01,0.020000000
2021-08-01,0.010000000
2021-09-01,0.010000000
2021-10-01,0.040000000
2021-11-01,0.040000000
2021-12-01,0.060000000
2022-01-01,0.070000000
2022-02-01,0.070000000
2022-03-01,0.170000000
2022-04-01,0.410000000
2022-05-01,1.000000000
2022-06-01,1.600000000
2022-07-01,2.070000000
2022-08-01,2.310000000
2022-09-01,2.760000000
2022-10-01,2.950000000
2022-11-01,3.060000000
2022-12-01,3.170000000
2023-01-01,3.320000000
2023-02-01,3.460000000
2023-03-01,3.640000000
2023-04-01,3.660000000
2023-05-01,3.900000000
2023-06-01,4.250000000
2023-07-01,4.300000000
2023-08-01,4.150000000
2023-09-01,4.130000000
2023-10-01,4.210000000
2023-11-01,4.380000000
2023-12-01,4.350000000
2024-01-01,4.350000000
2024-02-01,4.340000000
2024-03-01,4.350000000
2024-04-01,4.370000000
2024-05-01,4.360000000
2024-06-01,4.390000000
2024-07-01,4.460000000
2024-08-01,4.380000000
2024-09-01,4.420000000
2024-10-01,4.410000000
2024-11-01,4.420000000
2024-12-01,4.440000000
2025-01-01,4.330000000
2025-02-01,4.170000000
2025-03-01,4.120000000
2025-04-01,4.020000000
2025-05-01,3.780000000
2025-06-01,3.690000000
2025-07-01,3.680000000
2025-08-01,3.610000000
2025-09-01,3.580000000
2025-10-01,3.560000000
2025-11-01,3.650000000
2025-12-01,3.710000000
2026-01-01,3.770000000
2026-02-01,3.960000000
2026-03-01,4.190000000
2026-04-01,4.340000000
2026-05-01,4.430000000
2026-06-01,4.460000000
