observation_date,CPALTT01AUQ659N
1949-07-01,10.81081000000000003
1949-10-01,7.89473699999999834
1950-01-01,7.69230699999999956
1950-04-01,7.50000000000000000
1950-07-01,7.31707299999999972
1950-10-01,12.19511999999999929
1951-01-01,14.28570999999999991
1951-04-01,18.60464999999999947
1951-07-01,20.45455000000000112
1951-10-01,23.91303999999999874
1952-01-01,22.91666999999999987
1952-04-01,19.60783999999999949
1952-07-01,16.98113000000000028
1952-10-01,10.52632000000000012
1953-01-01,6.77966099999999994
1953-04-01,4.91803300000000032
1953-07-01,4.83870999999999984
1953-10-01,1.58730199999999999
1954-01-01,3.17460299999999984
1954-04-01,1.56250000000000000
1954-07-01,0.00000000000000000
1954-10-01,1.56250000000000000
1955-01-01,0.00000000000000000
1955-04-01,1.53846200000000000
1955-07-01,1.53846200000000000
1955-10-01,3.07692299999999985
1956-01-01,3.07692299999999985
1956-04-01,6.06060599999999994
1956-07-01,7.57575800000000044
1956-10-01,5.97014900000000015
1957-01-01,5.97014900000000015
1957-04-01,2.85714300000000021
1957-07-01,1.40845099999999990
1957-10-01,1.40845099999999990
1958-01-01,1.40845099999999990
1958-04-01,0.00000000000000000
1958-07-01,0.00000000000000000
1958-10-01,1.38888900000000004
1959-01-01,1.38888900000000004
1959-04-01,1.38888900000000004
1959-07-01,2.77777800000000008
1959-10-01,2.73972600000000011
1960-01-01,2.73972600000000011
1960-04-01,4.10958899999999971
1960-07-01,4.05405399999999982
1960-10-01,4.00000000000000000
1961-01-01,4.00000000000000000
1961-04-01,3.94736799999999999
1961-07-01,1.29870100000000011
1961-10-01,0.00000000000000000
1962-01-01,0.00000000000000000
1962-04-01,-1.26582299999999992
1962-07-01,0.00000000000000000
1962-10-01,0.00000000000000000
1963-01-01,0.00000000000000000
1963-04-01,0.00000000000000000
1963-07-01,1.28205100000000005
1963-10-01,1.28205100000000005
1964-01-01,2.56410299999999980
1964-04-01,2.56410299999999980
1964-07-01,2.53164599999999984
1964-10-01,3.79746799999999984
1965-01-01,2.50000000000000000
1965-04-01,3.75000000000000000
1965-07-01,3.70370400000000011
1965-10-01,3.65853699999999993
1966-01-01,4.87804899999999986
1966-04-01,3.61445799999999995
1966-07-01,2.38095200000000018
1966-10-01,2.35294099999999995
1967-01-01,2.32558100000000012
1967-04-01,3.48837200000000003
1967-07-01,4.65116300000000038
1967-10-01,3.44827600000000034
1968-01-01,3.40909100000000054
1968-04-01,2.24719099999999994
1968-07-01,2.22222199999999992
1968-10-01,2.22222199999999992
1969-01-01,3.29670299999999994
1969-04-01,3.29670299999999994
1969-07-01,3.26087000000000016
1969-10-01,3.26087000000000016
1970-01-01,2.12766000000000011
1970-04-01,3.19148899999999980
1970-07-01,3.15789499999999990
1970-10-01,5.26315799999999978
1971-01-01,5.20833300000000055
1971-04-01,5.15463900000000042
1971-07-01,7.14285700000000112
1971-10-01,7.00000000000000000
1972-01-01,6.93069299999999888
1972-04-01,6.86274499999999943
1972-07-01,5.71428600000000042
1972-10-01,4.67289699999999986
1973-01-01,5.55555500000000002
1973-04-01,8.25688099999999991
1973-07-01,9.90991000000000000
1973-10-01,12.50000000000000000
1974-01-01,14.03509000000000029
1974-04-01,14.40677999999999948
1974-07-01,16.39343999999999824
1974-10-01,16.66666999999999987
1975-01-01,17.69230999999999909
1975-04-01,17.03704000000000107
1975-07-01,11.97183000000000064
1975-10-01,14.28570999999999991
1976-01-01,13.07189999999999941
1976-04-01,12.02532000000000068
1976-07-01,13.83647999999999811
1976-10-01,14.28570999999999991
1977-01-01,13.29480000000000040
1977-04-01,13.55931999999999960
1977-07-01,13.25967000000000162
1977-10-01,9.37500000000000000
1978-01-01,8.67347000000000001
1978-04-01,7.96019900000000025
1978-07-01,7.80487799999999865
1978-10-01,7.61904799999999849
1979-01-01,7.98122100000000145
1979-04-01,8.75576000000000043
1979-07-01,9.50226199999999999
1979-10-01,10.17698999999999998
1980-01-01,10.43477999999999994
1980-04-01,11.01694999999999958
1980-07-01,9.91735599999999984
1980-10-01,9.23694799999999994
1981-01-01,9.44881900000000030
1981-04-01,8.39694700000000083
1981-07-01,9.02255599999999980
1981-10-01,11.02941000000000038
1982-01-01,10.79137000000000057
1982-04-01,10.91549000000000014
1982-07-01,12.41379000000000055
1982-10-01,11.25827999999999918
1983-01-01,11.36364000000000019
1983-04-01,11.11111000000000004
1983-07-01,9.20245399999999947
1983-10-01,8.63095299999999988
1984-01-01,5.83090400000000031
1984-04-01,4.00000000000000000
1984-07-01,3.65168500000000007
1984-10-01,2.46575299999999986
1985-01-01,4.40771299999999933
1985-04-01,6.59340700000000091
1985-07-01,7.58807599999999827
1985-10-01,8.28876999999999953
1986-01-01,9.23482899999999951
1986-04-01,8.50515500000000024
1986-07-01,8.81612100000000076
1986-10-01,9.62963000000000058
1987-01-01,9.42028999999999961
1987-04-01,9.26365799999999950
1987-07-01,8.33333299999999966
1987-10-01,7.20720700000000036
1988-01-01,6.84326699999999999
1988-04-01,7.17391300000000065
1988-07-01,7.26495700000000166
1988-10-01,7.56302499999999966
1989-01-01,6.81818200000000108
1989-04-01,7.50507100000000182
1989-07-01,7.96812800000000010
1989-10-01,7.81250000000000000
1990-01-01,8.70406200000000041
1990-04-01,7.73584900000000175
1990-07-01,6.08856100000000033
1990-10-01,6.88405800000000045
1991-01-01,4.80426999999999982
1991-04-01,3.32749600000000001
1991-07-01,3.13043499999999986
1991-10-01,1.52542399999999989
1992-01-01,1.69779300000000011
1992-04-01,1.18644100000000008
1992-07-01,0.84317030000000015
1992-10-01,0.33388979999999990
1993-01-01,1.16861400000000004
1993-04-01,1.84254600000000002
1993-07-01,2.17391300000000021
1993-10-01,1.83028300000000010
1994-01-01,1.48514900000000005
1994-04-01,1.80921099999999990
1994-07-01,1.96399300000000010
1994-10-01,2.61437900000000001
1995-01-01,3.73983700000000008
1995-04-01,4.52342499999999959
1995-07-01,5.13643599999999978
1995-10-01,5.09554100000000076
1996-01-01,3.76175499999999996
1996-04-01,3.09119000000000010
1996-07-01,2.13740500000000022
1996-10-01,1.51515200000000005
1997-01-01,1.35951700000000009
1997-04-01,0.29985009999999990
1997-07-01,-0.44843050000000001
1997-10-01,-0.29850749999999998
1998-01-01,-0.14903129999999989
1998-04-01,0.74738410000000000
1998-07-01,1.35135099999999997
1998-10-01,1.49700600000000006
1999-01-01,1.19402999999999992
1999-04-01,1.03857599999999994
1999-07-01,1.77777800000000008
1999-10-01,1.91740400000000011
2000-01-01,2.80236000000000018
2000-04-01,3.08369999999999989
2000-07-01,6.11353700000000000
2000-10-01,5.78871200000000030
2001-01-01,6.02582500000000021
2001-04-01,6.12535600000000002
2001-07-01,2.46913600000000022
2001-10-01,3.14637499999999992
2002-01-01,2.97699600000000020
2002-04-01,2.81879200000000019
2002-07-01,3.21285200000000026
2002-10-01,2.91777200000000025
2003-01-01,3.28515100000000038
2003-04-01,2.61096599999999990
2003-07-01,2.59403400000000017
2003-10-01,2.44845399999999991
2004-01-01,2.03562300000000018
2004-04-01,2.54452900000000026
2004-07-01,2.27559999999999985
2004-10-01,2.51572299999999993
2005-01-01,2.36907699999999988
2005-04-01,2.48139000000000021
2005-07-01,3.09023499999999984
2005-10-01,2.82208600000000009
2006-01-01,2.92326400000000008
2006-04-01,3.99515699999999985
2006-07-01,3.95683499999999988
2006-10-01,3.34128900000000018
2007-01-01,2.48520699999999994
2007-04-01,2.09546000000000010
2007-07-01,1.84544400000000008
2007-10-01,2.88683600000000018
2008-01-01,4.27251699999999968
2008-04-01,4.44697899999999979
2008-07-01,4.98301299999999969
2008-10-01,3.70370400000000011
2009-01-01,2.43632299999999979
2009-04-01,1.41921399999999998
2009-07-01,1.18662399999999990
2009-10-01,2.05627700000000013
2010-01-01,2.91891899999999982
2010-04-01,3.12163600000000008
2010-07-01,2.87846500000000027
2010-10-01,2.75715800000000000
2011-01-01,3.25630299999999995
2011-04-01,3.54906100000000002
2011-07-01,3.41968899999999998
2011-10-01,2.99277600000000010
2012-01-01,1.62767000000000017
2012-04-01,1.20967699999999989
2012-07-01,2.00400799999999979
2012-10-01,2.20440900000000006
2013-01-01,2.50250199999999978
2013-04-01,2.39043800000000006
2013-07-01,2.16109999999999980
2013-10-01,2.74509800000000004
2014-01-01,2.92968800000000007
2014-04-01,3.01556399999999991
2014-07-01,2.30769199999999985
2014-10-01,1.71755700000000000
2015-01-01,1.32827300000000004
2015-04-01,1.51085899999999995
2015-07-01,1.50375900000000007
2015-10-01,1.68855500000000003
2016-01-01,1.31086100000000005
2016-04-01,1.02325599999999994
2016-07-01,1.29629599999999989
2016-10-01,1.47601500000000008
2017-01-01,2.12569300000000005
2017-04-01,1.93370200000000003
2017-07-01,1.82815400000000006
2017-10-01,1.90909100000000009
2018-01-01,1.90045200000000003
2018-04-01,2.07768800000000020
2018-07-01,1.88509900000000008
2018-10-01,1.78412099999999985
2019-01-01,1.33214900000000003
2019-04-01,1.59291999999999989
2019-07-01,1.67400900000000008
2019-10-01,1.84049100000000010
2020-01-01,2.19106099999999993
2020-04-01,-0.34843209999999991
2020-07-01,0.69324090000000005
2020-10-01,0.86058519999999994
2021-01-01,1.11492300000000011
2021-04-01,3.84615399999999985
2021-07-01,3.01204800000000006
2021-10-01,3.49829299999999987
2022-01-01,5.08905800000000053
2022-04-01,6.14478100000000005
2022-07-01,7.26816999999999958
2022-10-01,7.83182199999999984
2023-01-01,7.02179199999999959
2023-04-01,6.02696299999999940
2023-07-01,5.37383200000000016
2023-10-01,4.05198799999999970
2024-01-01,3.61990999999999996
2024-04-01,3.81450999999999985
2024-07-01,2.80857299999999999
2024-10-01,2.42468800000000018
2025-01-01,2.40174700000000030
